{"cameraMode":{"drawMode":0,"name":"Shaded","section":"Shading Mode"},"sceneLighting":false,"audioPlay":false,"sceneViewState":{"showFog":true,"showMaterialUpdate":false,"showSkybox":false,"showFlares":true,"showImageEffects":true,"showParticleSystems":true},"in2DMode":false,"pivot":{"x":2.630828619003296,"y":-4.657949447631836,"z":13.973143577575684},"rotation":{"x":-0.1654808670282364,"y":-0.08067554980516434,"z":0.01358367782086134,"w":-0.9828149676322937},"size":8.7098388671875,"orthographic":false}